<?xml version="1.0" encoding="UTF-8"?>
<project xmlns="http://maven.apache.org/POM/4.0.0" xmlns:xsi="http://www.w3.org/2001/XMLSchema-instance" xsi:schemaLocation="http://maven.apache.org/POM/4.0.0 http://maven.apache.org/maven-v4_0_0.xsd">
  <parent>
    <artifactId>api-parent</artifactId>
    <groupId>org.apache.directory.api</groupId>
    <version>2.0.0.AM2</version>
  </parent>
  <modelVersion>4.0.0</modelVersion>
  <artifactId>api-all</artifactId>
  <name>Apache Directory API All</name>
  <build>
    <plugins>
      <plugin>
        <artifactId>maven-shade-plugin</artifactId>
        <executions>
          <execution>
            <phase>package</phase>
            <goals>
              <goal>shade</goal>
            </goals>
            <configuration>
              <artifactSet>
                <includes>
                  <include>${project.groupId}</include>
                </includes>
              </artifactSet>
              <promoteTransitiveDependencies>true</promoteTransitiveDependencies>
              <createSourcesJar>true</createSourcesJar>
            </configuration>
          </execution>
        </executions>
      </plugin>
    </plugins>
  </build>
  <dependencies>
    <dependency>
      <groupId>org.slf4j</groupId>
      <artifactId>slf4j-api</artifactId>
      <version>1.7.25</version>
      <scope>compile</scope>
    </dependency>
    <dependency>
      <groupId>org.apache.servicemix.bundles</groupId>
      <artifactId>org.apache.servicemix.bundles.xpp3</artifactId>
      <version>1.1.4c_7</version>
      <scope>compile</scope>
    </dependency>
    <dependency>
      <groupId>org.apache.servicemix.bundles</groupId>
      <artifactId>org.apache.servicemix.bundles.dom4j</artifactId>
      <version>1.6.1_5</version>
      <scope>compile</scope>
    </dependency>
    <dependency>
      <groupId>xml-apis</groupId>
      <artifactId>xml-apis</artifactId>
      <version>1.0.b2</version>
      <scope>compile</scope>
    </dependency>
    <dependency>
      <groupId>org.apache.commons</groupId>
      <artifactId>commons-pool2</artifactId>
      <version>2.6.0</version>
      <scope>compile</scope>
    </dependency>
    <dependency>
      <groupId>org.apache.mina</groupId>
      <artifactId>mina-core</artifactId>
      <version>2.0.18</version>
      <scope>compile</scope>
    </dependency>
    <dependency>
      <groupId>commons-lang</groupId>
      <artifactId>commons-lang</artifactId>
      <version>2.6</version>
      <scope>compile</scope>
    </dependency>
    <dependency>
      <groupId>commons-collections</groupId>
      <artifactId>commons-collections</artifactId>
      <version>3.2.2</version>
      <scope>compile</scope>
    </dependency>
    <dependency>
      <groupId>org.apache.servicemix.bundles</groupId>
      <artifactId>org.apache.servicemix.bundles.antlr</artifactId>
      <version>2.7.7_5</version>
      <scope>compile</scope>
    </dependency>
    <dependency>
      <groupId>commons-codec</groupId>
      <artifactId>commons-codec</artifactId>
      <version>1.11</version>
      <scope>compile</scope>
    </dependency>
  </dependencies>
</project>
